Date,Name,Year,Letterboxd URI
2025-05-26,Nosferatu,2024,https://boxd.it/f5eG
2025-05-26,Smile 2,2024,https://boxd.it/FDA4
2025-05-26,Blink Twice,2024,https://boxd.it/vIOg
2025-05-26,The Weeknd: After Hours,2020,https://boxd.it/pnHQ
2025-05-26,Tom Clancy's Without Remorse,2021,https://boxd.it/kNyA
2025-05-26,The Ice Road,2021,https://boxd.it/o0C2
2025-05-26,The Misfits,2021,https://boxd.it/lohw
2025-05-26,Morbius,2022,https://boxd.it/j978
2025-05-26,The Contractor,2022,https://boxd.it/niAc
2025-05-27,Blacklight,2022,https://boxd.it/v3d4
2025-05-27,Hit Man,2023,https://boxd.it/ANB2
2025-05-27,Wicked,2024,https://boxd.it/e8ME
2025-05-28,Green Zone,2010,https://boxd.it/1zNS
2025-05-28,Drive,2011,https://boxd.it/IG
2025-05-28,Limitless,2011,https://boxd.it/Aly
2025-05-29,The Forgotten,2004,https://boxd.it/1WYE
2025-05-29,The Double,2013,https://boxd.it/4DLW
2025-05-29,Spiderhead,2022,https://boxd.it/mLsO
2025-05-29,Last Breath,2025,https://boxd.it/AJqO
2025-06-01,Do Not Enter,2024,https://boxd.it/N7Us
2025-06-02,The 355,2022,https://boxd.it/iWI6
2025-06-20,The Grand Budapest Hotel,2014,https://boxd.it/3ZqO
2025-07-17,Buried,2010,https://boxd.it/1tXC
2025-07-17,Narcos,1992,https://boxd.it/blRG
2025-07-17,Phenomenon,1996,https://boxd.it/1Z2I
2025-07-17,Most Dangerous Game,2020,https://boxd.it/H2B4
2025-07-18,The Blackout,2019,https://boxd.it/l6XO
2025-08-03,Companion,2025,https://boxd.it/F04o
2025-08-14,Into the White,2012,https://boxd.it/2Idc
2025-08-28,28 Days Later,2002,https://boxd.it/2aXU
2025-08-28,Shaun of the Dead,2004,https://boxd.it/29J8
2025-08-28,Final Destination,2000,https://boxd.it/1YrC
2025-08-28,Unbreakable,2000,https://boxd.it/1XV2
2025-08-28,American Gangster,2007,https://boxd.it/23wi
2025-08-28,"Crouching Tiger, Hidden Dragon",2000,https://boxd.it/2b1M
2025-08-28,Hannibal,2001,https://boxd.it/1XVc
2025-08-28,The Hurt Locker,2008,https://boxd.it/1Soi
2025-08-28,Fast & Furious,2009,https://boxd.it/1Pnm
2025-08-28,Holes,2003,https://boxd.it/20mE
2025-08-28,Kingdom of Heaven,2005,https://boxd.it/28Gs
2025-08-28,Bring It On,2000,https://boxd.it/28x6
2025-08-28,Babel,2006,https://boxd.it/292o
2025-08-28,Hot Rod,2007,https://boxd.it/1X9C
2025-08-28,The Mummy Returns,2001,https://boxd.it/28cs
2025-08-28,Lord of War,2005,https://boxd.it/284y
2025-08-28,Serendipity,2001,https://boxd.it/1XPy
2025-08-28,Two Weeks Notice,2002,https://boxd.it/26wK
2025-08-28,Freddy vs. Jason,2003,https://boxd.it/21FC
2025-08-28,Up in the Air,2009,https://boxd.it/1zPY
2025-08-28,Miami Vice,2006,https://boxd.it/2bbW
2025-08-28,Paul Blart: Mall Cop,2009,https://boxd.it/1NQw
2025-08-28,Bedtime Stories,2008,https://boxd.it/1WPM
2025-08-28,Equilibrium,2002,https://boxd.it/211s
2025-08-28,The Texas Chainsaw Massacre,2003,https://boxd.it/1YQs
2025-08-28,Crank,2006,https://boxd.it/27MY
2025-08-28,The Bucket List,2007,https://boxd.it/20Ye
2025-08-28,Anger Management,2003,https://boxd.it/1YvO
2025-08-28,Flightplan,2005,https://boxd.it/1YZu
2025-08-28,The Family Man,2000,https://boxd.it/22e8
2025-08-28,Kronk's New Groove,2005,https://boxd.it/1Qd8
2025-08-28,Push,2009,https://boxd.it/1Q8W
2025-08-28,Aliens in the Attic,2009,https://boxd.it/1COY
2025-08-28,Eagle Eye,2008,https://boxd.it/1QZc
2025-08-28,The Whole Nine Yards,2000,https://boxd.it/27vS
2025-08-28,Defiance,2008,https://boxd.it/1Pme
2025-08-28,Taxi,2004,https://boxd.it/1UMc
2025-08-28,The Covenant,2006,https://boxd.it/1Xrw
2025-08-28,Dr. Dolittle 2,2001,https://boxd.it/1Vlm
2025-08-31,Host,2020,https://boxd.it/r5O4
2025-09-01,Bring Her Back,2025,https://boxd.it/Hxlc
2025-09-01,Weapons,2025,https://boxd.it/EMTM
2025-09-01,HIM,2025,https://boxd.it/BfYI
2025-09-05,Together,2025,https://boxd.it/LdFE
2025-09-05,F1,2025,https://boxd.it/yjVM
2025-09-09,Roofman,2025,https://boxd.it/LcIW
2025-09-10,Full of It,2007,https://boxd.it/1nEu
2025-09-25,Dumb and Dumber,1994,https://boxd.it/206m
2025-09-25,Titanic,1997,https://boxd.it/2a2k
2025-09-25,Schindler's List,1993,https://boxd.it/2aq2
2025-09-25,Groundhog Day,1993,https://boxd.it/2b3e
2025-09-25,Braveheart,1995,https://boxd.it/2aTI
2025-09-28,Daddy's Home,2015,https://boxd.it/8jSc
2025-10-07,It Chapter Two,2019,https://boxd.it/h10u
2025-10-14,Shutter Island,2010,https://boxd.it/1U82
2025-10-20,The Kid,2000,https://boxd.it/24Da
2025-11-23,It Ends,2025,https://boxd.it/SBUi
2025-11-23,Now You See Me: Now You Don't,2025,https://boxd.it/f3i2
2025-12-12,G.I. Joe: Retaliation,2013,https://boxd.it/2o6A
2025-12-15,Good Fortune,2025,https://boxd.it/GavG
